"Designator","Qty","Value","Exclude from BOM","Footprint","MPN","JLCPCB Part #","SRS PN","Voltage"
"C101,C104,C105,C110,C111,C205,C206,C207,C216,C217,C218,C219,C220,C221,C222,C301,C302,C303,C304,C305,C306,C313,C314,C315,C316,C317,C318","27","0.1μF","","Capacitor_SMD:C_0603_1608Metric","06035C104KAT4A","C14663","5-00764","50V"
"C102,C203","2","10μF","","Capacitor_SMD:C_0805_2012Metric","GRM21BR61E106KA73L","C84416","5-00954","25V"
"C103,C204,C212,C214,C223","5","1nF","","Capacitor_SMD:C_0603_1608Metric","C0603C102J5GACTU","C2181873","5-00740","50V"
"C106,C107","2","330μF","","Capacitor_THT:CP_Radial_D10.0mm_P5.00mm","EEU-FC1V331","EEU-FC1V331","5-00516","35V"
"C108,C209,C307,C308,C309,C319,C320,C321","8","47pF","","Capacitor_SMD:C_0603_1608Metric","C0603C470J5GACTU","C2167347","5-00708","50V"
"C109,C211,C310,C311,C312,C322,C323,C324","8","120pF","","Capacitor_SMD:C_0603_1608Metric","C0603C121J5GACTU","C2168575","5-00718","50V"
"C112,C113,C114,C115","4","4.7μF-T35","","Capacitor_Tantalum_SMD:CP_EIA-6032-15_Kemet-U","TAJC475M035RNJ","C11378","5-00520","35V"
"C201,C213","2","270pF","","Capacitor_SMD:C_0603_1608Metric","C0603C271J5GACTU","C49326315","5-00726","50V"
"C202,C208","2","180pF","","Capacitor_SMD:C_1206_3216Metric","C1206C181J5GACTU","C541494","5-00378","50V"
"C210","1","100pF","","Capacitor_SMD:C_0603_1608Metric","C0603C101J5GACTU","C2167328","5-00716","50V"
"C215","1","390pF","","Capacitor_SMD:C_0603_1608Metric","C0603C391J5GACTU","C22408867","5-00730","50V"
"C224","1","10μF PET","","Capacitor_THT:C_Rect_L18.0mm_W9.0mm_P15.00mm_FKS3_FKP3","B32522C0106K189","C3769153","5-00959","63V"
"D101","1","MBRS230LT3G","","Diode_SMD:D_SMB","MBRS230LT3G","C236135","3-02091",""
"D201","1","MMBD352","","Package_TO_SOT_SMD:SOT-23","MMBD352LT1G","C463549","3-00538",""
"FB101,FB102,FB103,FB201,FB202,FB203,FB204,FB205,FB206,FB207,FB208,FB209,FB301,FB302,FB303,FB304,FB305,FB306,FB307,FB308,FB309,FB310,FB311,FB312","24","742863160","","Inductor_SMD:L_0603_1608Metric","742863160","C2650942","6-01344",""
"J101","1","SC10L","","Connector_PinSocket_2.54mm:PinSocket_1x12_P2.54mm_Vertical","--","--","--",""
"J102","1","640389-2","","CONNECTOR_SRS:640389-2_TYC","640389-2","C305837","1-00469",""
"J201,J203,J301,J302,J303,J304,J305,J306","8","BNC","","CONNECTOR_SRS:BNC-STRIP","73100-0195","--","1-01158",""
"L101,L102","2","47μH","","INDUCTOR_SRS:PM3316","PM3316-470M-RC","C1329573","6-00791",""
"L103","1","1.5μH","","Inductor_SMD:L_0805_2012Metric","MLF2012A1R5JTD25","C76794","6-01142",""
"L201","1","0.56μH","","Inductor_SMD:L_1210_3225Metric","1206CS-561XJRC","C318049","6-00595",""
"L202","1","8.2μH","","Inductor_SMD:L_1206_3216Metric","AIML-1206-8R2K-T","C51018442","6-01361",""
"L203,L301,L302,L303,L304,L305,L306","7","1.5UH","","Inductor_SMD:L_0805_2012Metric","MLF2012A1R5JTD25","C139220","6-01142",""
"L204","1","15μH","","Inductor_SMD:L_0805_2012Metric","MLF2012C150K","C383402","6-01078",""
"LABEL101","1","Label","","MECHANICAL_SRS:LABEL_1in_0.25in","10011975","--","9-01776",""
"PCB101","1","PCB","","","--","--","",""
"Q101","1","MJD44H11","","Package_TO_SOT_SMD:TO-252-2","MJD44H11G","C36608","3-01091",""
"Q102","1","MJD45H11","","Package_TO_SOT_SMD:TO-252-2","MJD45H11G","C5424","3-01100",""
"Q201,Q202,Q203","3","2N7002","","Package_TO_SOT_SMD:SOT-23","2N7002H6327XTSA2","C8545","3-02247",""
"R101,R111,R208","3","49.9R","","Resistor_SMD:R_0603_1608Metric","TFCR0603-16W-E-49R9FT","C23185","4-02032",""
"R102,R103,R203,R210,R213,R225,R227","7","1.00K","","Resistor_SMD:R_0603_1608Metric","RR0816P-102-D","C22548","4-02157",""
"R104","1","61.9","","Resistor_SMD:R_0603_1608Metric","TFCR0603-16W-E-61R9F","C101138","4-02041",""
"R105,R106,R201,R215,R220,R230","6","10.0K","","Resistor_SMD:R_0603_1608Metric","TFCR0603-16W-E-1002FT","C98220","4-02253",""
"R107,R112,R114,R202,R301,R302,R303,R310,R311,R312","10","249R","","Resistor_SMD:R_0603_1608Metric","TFCR0603-16W-E-2490FT","C22919","4-02099",""
"R108,R206,R217","3","100R","","Resistor_SMD:R_0603_1608Metric","RR0816P-101-D","C22775","4-02061",""
"R109","1","162","","Resistor_SMD:R_0603_1608Metric","TFCR0603-16W-E-1620F","C185368","4-02081",""
"R110","1","18R / 5W","","Resistor_THT:R_Axial_Power_L25.0mm_W9.0mm_P30.48mm","CW00518R00JE12","--","4-00320",""
"R113","1","1.54K","","Resistor_SMD:R_0603_1608Metric","TFCR0603-16W-E-1541F","C22842","4-02175",""
"R115","1","1.50K","","Resistor_SMD:R_0603_1608Metric","TFCR0603-16W-E-1501FT","C22843","4-02174",""
"R204,R219,R304,R305,R306,R313,R314,R315","8","499R","","Resistor_SMD:R_0603_1608Metric","TFCR0603-16W-E-4990FT","C23065","4-02128",""
"R205","1","2.74K","","Resistor_SMD:R_0603_1608Metric","TFCR0603-16W-E-2741FT","C2930073","4-02199",""
"R207,R229","2","100K","","Resistor_SMD:R_0603_1608Metric","TFCR0603-16W-E-1003FT","C25803","4-02349",""
"R209,R223,R307,R308,R309,R316,R317,R318","8","49.9R 1W","","Resistor_SMD:R_2512_6332Metric","CRCW251249R9FKEG","C25487","4-02510",""
"R211,R212","2","4.99K","","Resistor_SMD:R_0603_1608Metric","TFCR0603-16W-E-4991FT","C23046","4-02224",""
"R214","1","43.2K","","Resistor_SMD:R_0603_1608Metric","TNPW060343K2BEEA","C23053","4-02314",""
"R216","1","130","","Resistor_SMD:R_0603_1608Metric","TFCR0603-16W-E-1300F","C22796","4-02072",""
"R218","1","30.1K","","Resistor_SMD:R_0603_1608Metric","RR0816P-3012-D-47C","C23000","4-02299",""
"R221","1","374","","Resistor_SMD:R_0603_1608Metric","TFCR0603-16W-E-3740F","C3981304","4-02116",""
"R222","1","24.9R","","Resistor_SMD:R_0603_1608Metric","TFCR0603-16W-E-24R9FT","C22916","4-02003",""
"R224","1","1.00M","","Resistor_SMD:R_0603_1608Metric","RMCF0603FT1M00","C22935","4-02445",""
"R226","1","8.06K","","Resistor_SMD:R_0603_1608Metric","TFCR0603-16W-E-8061FT","C2960681","4-02244",""
"R228","1","200K","","Resistor_SMD:R_0603_1608Metric","TFCR0603-16W-E-2003FT","C25811","4-02378",""
"U101","1","INA132UA","","Package_SO:SO-8_3.9x4.9mm_P1.27mm","INA132UA/2K5","C38199","3-01135",""
"U102","1","LM741C","","Package_SO:SO-8_3.9x4.9mm_P1.27mm","UA741CDR","C2057458","3-00729",""
"U103,U201,U301,U302,U303,U304,U305,U306","8","LMH6609","","Package_SO:SO-8_3.9x4.9mm_P1.27mm","LMH6609MAX/NOPB","C2060005","3-02533",""
"U104","1","LM317","","Package_TO_SOT_SMD:SOT-223-3_TabPin2","LM317DCYR","C51466","3-02620",""
"U105","1","LM337","","Package_TO_SOT_SMD:SOT-223-3_TabPin2","LM337IMPX/NOPB","C74510","3-01734",""
"U106","1","LM340-5","","Package_TO_SOT_SMD:TO-263-3_TabPin2","LM340SX-5.0/NOPB","C2870849","3-01032",""
"U107","1","MC7905ACD2T","","Package_TO_SOT_SMD:TO-263-2","MC7905ACD2TR4G","C898727","3-01102",""
"U202","1","SYPD-1","","RF_Mini-Circuits:Mini-Circuits_TTT167_LandPatternPL-079","SYPD-1+","C5368969","",""
"U203,U205","2","LM393","","Package_SO:SO-8_3.9x4.9mm_P1.27mm","LM393DR","C67470","3-00728",""
"U204","1","AD797AR","","Package_SO:SO-8_3.9x4.9mm_P1.27mm","AD797ARZ","C578574","3-01426",""
"U206","1","OPA192IDR","","Package_SO:VSSOP-8_3x3mm_P0.65mm","OPA192ID","C2861286","3-02454",""
