Designator,Val,Package,Mid X,Mid Y,Rotation,Layer
"R110","18R 5W","R_Axial_Power_L25.0mm_W9.0mm_P30.48mm",138.450400,88.874600,0.000000,bottom
"C101","0.1μF","C_0603_1608Metric",87.909400,98.018600,0.000000,top
"C102","0.1μF C0G","C_1206_3216Metric",84.861400,73.888600,-90.000000,top
"C103","1nF NP0","C_0603_1608Metric",135.727400,97.378100,90.000000,top
"C104","0.1μF","C_0603_1608Metric",115.468400,35.788600,-90.000000,top
"C105","0.1μF","C_0603_1608Metric",107.467400,30.327600,0.000000,top
"C106","330μF","CP_Radial_D10.0mm_P5.00mm",122.446400,86.343600,90.000000,top
"C107","330μF","CP_Radial_D10.0mm_P5.00mm",122.446400,98.027600,90.000000,top
"C108","47pF","C_0603_1608Metric",118.643400,35.788600,90.000000,top
"C109","120pF","C_0603_1608Metric",120.167400,35.788600,90.000000,top
"C110","0.1μF","C_0603_1608Metric",144.685400,82.986600,-90.000000,top
"C111","0.1μF","C_0603_1608Metric",121.430400,70.794600,90.000000,top
"C112","4.7μF-T35","CP_EIA-6032-15_Kemet-U",136.811400,76.509600,90.000000,top
"C113","4.7μF-T35","CP_EIA-6032-15_Kemet-U",129.304400,77.652600,-90.000000,top
"C114","4.7μF-T35","CP_EIA-6032-15_Kemet-U",144.932400,63.220600,-90.000000,top
"C115","4.7μF-T35","CP_EIA-6032-15_Kemet-U",138.956400,62.864600,90.000000,top
"C117","0.1μF","C_0603_1608Metric",95.923400,69.697600,0.000000,top
"C118","0.1μF","C_0603_1608Metric",98.923400,71.983600,180.000000,top
"C119","0.1μF","C_0603_1608Metric",98.910400,74.523600,180.000000,top
"C120","0.1μF","C_0603_1608Metric",88.229400,71.983600,0.000000,top
"C201","270pF","C_0603_1608Metric",14.503400,9.512600,90.000000,top
"C202","180pF","C_1206_3216Metric",16.535400,10.212600,90.000000,top
"C203","0.1μF C0G","C_1206_3216Metric",36.855400,28.676600,180.000000,top
"C204","1nF NP0","C_0603_1608Metric",7.917800,64.059100,0.000000,top
"C205","0.1μF","C_0603_1608Metric",14.267800,64.948100,180.000000,top
"C206","0.1μF","C_0603_1608Metric",25.552400,36.465100,180.000000,top
"C207","0.1μF","C_0603_1608Metric",20.472400,44.212100,-90.000000,top
"C208","180pF","C_1206_3216Metric",13.028400,28.676600,180.000000,top
"C209","47pF","C_0603_1608Metric",25.552400,33.417100,0.000000,top
"C210","100pF","C_0603_1608Metric",13.741400,26.009600,180.000000,top
"C211","120pF","C_0603_1608Metric",25.552400,31.893100,0.000000,top
"C212","1nF NP0","C_0603_1608Metric",12.103400,34.137600,180.000000,top
"C213","270pF","C_0603_1608Metric",9.042400,34.137600,180.000000,top
"C214","1nF NP0","C_0603_1608Metric",8.788400,38.709600,0.000000,top
"C215","390pF","C_0603_1608Metric",13.741400,38.709600,0.000000,top
"C216","0.1μF","C_0603_1608Metric",6.756400,68.300600,0.000000,top
"C217","0.1μF","C_0603_1608Metric",17.424400,72.237600,180.000000,top
"C218","0.1μF","C_0603_1608Metric",44.348400,14.798600,180.000000,top
"C219","0.1μF","C_0603_1608Metric",39.141400,22.291600,-90.000000,top
"C220","0.1μF","C_0603_1608Metric",18.313400,57.505600,180.000000,top
"C221","0.1μF","C_0603_1608Metric",48.325600,29.919400,180.000000,top
"C222","0.1μF","C_0603_1608Metric",40.792400,26.644600,180.000000,top
"C223","1nF NP0","C_0603_1608Metric",36.855400,31.343600,90.000000,top
"C224","10μF PET","C_Rect_L18.0mm_W9.0mm_P15.00mm_FKS3_FKP3",49.769200,37.705800,180.000000,top
"C225","1nF NP0","C_0603_1608Metric",48.285400,26.898600,180.000000,top
"C226","0.1μF","C_0603_1608Metric",54.813200,24.130000,0.000000,top
"C301","0.1μF","C_0603_1608Metric",64.496400,14.998200,180.000000,top
"C302","0.1μF","C_0603_1608Metric",59.543400,22.364200,-90.000000,top
"C303","0.1μF","C_0603_1608Metric",84.848400,14.900500,180.000000,top
"C304","0.1μF","C_0603_1608Metric",79.908400,22.393500,-90.000000,top
"C305","0.1μF","C_0603_1608Metric",105.181400,14.900500,180.000000,top
"C306","0.1μF","C_0603_1608Metric",99.974400,22.520500,-90.000000,top
"C307","47pF","C_0603_1608Metric",64.554400,11.887200,0.000000,top
"C308","47pF","C_0603_1608Metric",84.861400,11.852500,0.000000,top
"C309","47pF","C_0603_1608Metric",105.181400,11.852500,0.000000,top
"C310","120pF","C_0603_1608Metric",64.554400,10.363200,0.000000,top
"C311","120pF","C_0603_1608Metric",84.861400,10.328500,0.000000,top
"C312","120pF","C_0603_1608Metric",105.181400,10.388600,0.000000,top
"C313","0.1μF","C_0603_1608Metric",125.628400,14.900500,180.000000,top
"C314","0.1μF","C_0603_1608Metric",120.421400,22.520500,-90.000000,top
"C315","0.1μF","C_0603_1608Metric",145.821400,14.900500,180.000000,top
"C316","0.1μF","C_0603_1608Metric",140.741400,22.393500,-90.000000,top
"C317","0.1μF","C_0603_1608Metric",166.268400,14.900500,180.000000,top
"C318","0.1μF","C_0603_1608Metric",160.934400,22.647500,-90.000000,top
"C319","47pF","C_0603_1608Metric",125.628400,11.852500,0.000000,top
"C320","47pF","C_0603_1608Metric",145.821400,11.852500,0.000000,top
"C321","47pF","C_0603_1608Metric",166.268400,11.852500,0.000000,top
"C322","120pF","C_0603_1608Metric",125.628400,10.328500,0.000000,top
"C323","120pF","C_0603_1608Metric",145.821400,10.328500,0.000000,top
"C324","120pF","C_0603_1608Metric",166.268400,10.328500,0.000000,top
"C401","10μF","C_0805_2012Metric",8.026400,29.514800,180.000000,top
"C402","0.1μF","C_0603_1608Metric",89.762953,103.951600,-90.000000,top
"C403","10μF","C_0805_2012Metric",92.670953,102.059600,0.000000,top
"D101","MBRS230LT3G","D_SMB",156.362400,88.366600,0.000000,top
"D102","MMBD352LT1G","SOT-23",95.732400,67.152600,180.000000,top
"D201","MMBD352LT1G","SOT-23",10.457800,65.710100,180.000000,top
"D202","14V TVS","C_0402_1005Metric",13.233400,9.245600,90.000000,top
"D203","14V TVS","C_0402_1005Metric",37.744400,8.610600,180.000000,top
"D301","14V TVS","C_0402_1005Metric",57.457400,8.610600,180.000000,top
"D302","14V TVS","C_0402_1005Metric",77.650400,8.610600,180.000000,top
"D303","14V TVS","C_0402_1005Metric",97.945000,8.610600,180.000000,top
"D304","14V TVS","C_0402_1005Metric",118.646000,8.610600,180.000000,top
"D305","14V TVS","C_0402_1005Metric",138.737400,8.610600,180.000000,top
"D306","14V TVS","C_0402_1005Metric",159.184400,8.610600,180.000000,top
"FB101","9.5A BEAD","SMB2.5R-2",90.619700,92.938350,0.000000,top
"FB102","742863160","L_0603_1608Metric",116.992400,35.788600,-90.000000,top
"FB103","742863160","L_0603_1608Metric",107.467400,28.803600,0.000000,top
"FB201","742863160","L_0603_1608Metric",25.552400,34.941100,180.000000,top
"FB202","742863160","L_0603_1608Metric",18.948400,44.212100,-90.000000,top
"FB205","742863160","L_0603_1608Metric",37.617400,22.291600,-90.000000,top
"FB206","742863160","L_0603_1608Metric",44.348400,13.274600,180.000000,top
"FB207","742863160","L_0603_1608Metric",18.313400,59.029600,180.000000,top
"FB208","742863160","L_0603_1608Metric",48.325600,31.443400,180.000000,top
"FB209","742863160","L_0603_1608Metric",37.744400,26.644600,0.000000,top
"FB301","742863160","L_0603_1608Metric",64.566900,13.411200,180.000000,top
"FB302","742863160","L_0603_1608Metric",58.019400,22.364200,-90.000000,top
"FB303","742863160","L_0603_1608Metric",84.861400,13.376500,180.000000,top
"FB304","742863160","L_0603_1608Metric",78.384400,22.393500,-90.000000,top
"FB305","742863160","L_0603_1608Metric",105.181400,13.376500,180.000000,top
"FB306","742863160","L_0603_1608Metric",98.450400,22.520500,-90.000000,top
"FB307","742863160","L_0603_1608Metric",125.628400,13.376500,180.000000,top
"FB308","742863160","L_0603_1608Metric",118.897400,22.520500,-90.000000,top
"FB309","742863160","L_0603_1608Metric",145.821400,13.376500,180.000000,top
"FB310","742863160","L_0603_1608Metric",139.217400,22.393500,-90.000000,top
"FB311","742863160","L_0603_1608Metric",166.268400,13.376500,180.000000,top
"FB312","742863160","L_0603_1608Metric",159.410400,22.647500,-90.000000,top
"FID101","Fiducial","Fiducial_0.5mm_Mask1.5mm",165.506400,102.489000,0.000000,top
"FID102","Fiducial","Fiducial_0.5mm_Mask1.5mm",172.745400,10.261600,0.000000,top
"FID103","Fiducial","Fiducial_0.5mm_Mask1.5mm",12.852400,12.750800,0.000000,top
"FID104","Fiducial","Fiducial_0.5mm_Mask1.5mm",10.464800,109.220000,0.000000,top
"H101","#4","MountingHole_3.2mm_M3_DIN965_Pad",23.428400,60.553600,180.000000,top
"H102","#4","MountingHole_3.2mm_M3_DIN965_Pad",23.428400,102.463600,180.000000,top
"H103","#4","MountingHole_3.2mm_M3_DIN965_Pad",84.388400,60.553600,180.000000,top
"H104","#4","MountingHole_3.2mm_M3_DIN965_Pad",84.388400,102.463600,180.000000,top
"H105","#4","MountingHole_3.2mm_M3_DIN965_Pad",5.080000,106.680000,0.000000,top
"H106","#4","MountingHole_3.2mm_M3_DIN965_Pad",172.720000,106.680000,0.000000,top
"H107","#4","MountingHole_3.2mm_M3_DIN965_Pad",27.940000,4.572000,0.000000,top
"H108","#4","MountingHole_3.2mm_M3_DIN965_Pad",50.800000,4.572000,0.000000,top
"H109","#4","MountingHole_3.2mm_M3_DIN965_Pad",71.120000,4.572000,0.000000,top
"H110","#4","MountingHole_3.2mm_M3_DIN965_Pad",111.760000,4.572000,0.000000,top
"H111","#4","MountingHole_3.2mm_M3_DIN965_Pad",132.080000,4.572000,0.000000,top
"H112","#4","MountingHole_3.2mm_M3_DIN965_Pad",91.440000,4.572000,0.000000,top
"H113","#4","MountingHole_3.2mm_M3_DIN965_Pad",5.080000,4.572000,0.000000,top
"H114","#4","MountingHole_3.2mm_M3_DIN965_Pad",152.400000,4.572000,0.000000,top
"H115","#4","MountingHole_3.2mm_M3_DIN965_Pad",172.720000,4.572000,0.000000,top
"J101","Header","PinSocket_1x12_P2.54mm_Vertical",81.848400,95.478600,0.000000,top
"J102","640389-2","640389-2_TYC",153.987500,95.250000,0.000000,top
"J201","BNC","BNC-STRIP",15.240000,3.175000,0.000000,top
"J203","BNC","BNC-STRIP",40.640000,3.175000,0.000000,top
"J301","BNC","BNC-STRIP",60.960000,3.149600,0.000000,top
"J302","BNC","BNC-STRIP",81.280000,3.114900,0.000000,top
"J303","BNC","BNC-STRIP",101.600000,3.114900,0.000000,top
"J304","BNC","BNC-STRIP",121.920000,3.114900,0.000000,top
"J305","BNC","BNC-STRIP",142.240000,3.114900,0.000000,top
"J306","BNC","BNC-STRIP",162.560000,3.114900,0.000000,top
"J401","Conn_01x05","PinHeader_1x05_P2.54mm_Vertical",4.279400,28.219400,0.000000,top
"L101","47μH","PM3316",154.711400,80.873600,180.000000,top
"L102","47μH","PM3316",144.170400,107.416600,180.000000,top
"L103","1.5μH","L_0805_2012Metric",121.818400,36.042600,90.000000,top
"L201","0.56μH","L_1210_3225Metric",20.218400,9.499600,0.000000,top
"L202","8.2μH","L_1206_3216Metric",12.928400,31.724600,180.000000,top
"L203","1.5μH","L_0805_2012Metric",25.806400,30.242100,0.000000,top
"L204","15μH","L_0805_2012Metric",11.328400,37.693600,90.000000,top
"L301","1.5μH","L_0805_2012Metric",64.841900,8.712200,0.000000,top
"L302","1.5μH","L_0805_2012Metric",85.115400,8.677500,0.000000,top
"L303","1.5μH","L_0805_2012Metric",105.435400,8.737600,0.000000,top
"L304","1.5μH","L_0805_2012Metric",125.882400,8.677500,0.000000,top
"L305","1.5μH","L_0805_2012Metric",146.075400,8.677500,0.000000,top
"L306","1.5μH","L_0805_2012Metric",166.522400,8.677500,0.000000,top
"LABEL101","Label","LABEL_1in_0.25in",142.519400,34.518600,0.000000,top
"Q101","MJD44H11","TO-252-2",145.765400,90.128100,0.000000,top
"Q102","MJD45H11","TO-252-2",144.511400,97.504600,0.000000,top
"Q203","2N7002","SOT-23",12.293600,50.776900,90.000000,top
"Q401","2N7002","SOT-23",11.201400,24.612600,0.000000,top
"R101","49.9R","R_0603_1608Metric",85.404400,80.238600,0.000000,top
"R102","100R","R_0603_1608Metric",88.040400,75.873600,0.000000,top
"R103","1.00K","R_0603_1608Metric",131.348400,94.335600,0.000000,top
"R104","61.9R","R_0603_1608Metric",85.404400,82.016600,0.000000,top
"R105","10.0K","R_0603_1608Metric",130.704400,97.378100,90.000000,top
"R106","10.0K","R_0603_1608Metric",129.187400,97.378100,-90.000000,top
"R107","249R","R_0603_1608Metric",85.404400,83.540600,180.000000,top
"R108","100R","R_0603_1608Metric",137.190400,97.383600,90.000000,top
"R109","162R","R_0603_1608Metric",110.896400,30.327600,180.000000,top
"R111","49.9R","R_0603_1608Metric",116.230400,33.248600,0.000000,top
"R112","249R","R_0603_1608Metric",142.399400,82.224600,180.000000,top
"R113","1.54K","R_0603_1608Metric",142.399400,83.748600,180.000000,top
"R114","249R","R_0603_1608Metric",123.716400,71.556600,0.000000,top
"R115","1.50K","R_0603_1608Metric",123.716400,70.032600,0.000000,top
"R116","1.00K","R_0603_1608Metric",11.379200,10.261600,90.000000,top
"R201","10.0K","R_0603_1608Metric",34.633400,30.581600,180.000000,top
"R202","249R","R_0603_1608Metric",25.425400,45.567600,0.000000,top
"R203","1.00K","R_0603_1608Metric",19.583400,12.293600,180.000000,top
"R204","499R","R_0603_1608Metric",20.472400,41.164100,90.000000,top
"R205","2.74K","R_0603_1608Metric",19.601800,69.647100,90.000000,top
"R206","100R","R_0603_1608Metric",18.077800,69.647100,-90.000000,top
"R207","100K","R_0603_1608Metric",14.267800,66.472100,180.000000,top
"R208","49.9R","R_0603_1608Metric",14.503400,22.263600,90.000000,top
"R209","49.9R","R_0603_1608Metric",21.996400,31.343600,-90.000000,top
"R210","10.0K","R_0603_1608Metric",34.633400,32.105600,0.000000,top
"R211","1.00K","R_0603_1608Metric",48.285400,28.422600,0.000000,top
"R212","10.0K","R_0603_1608Metric",16.154400,52.044600,180.000000,top
"R215","10.0K","R_0603_1608Metric",17.315800,67.361100,0.000000,top
"R216","30.1K","R_0603_1608Metric",5.867400,71.475600,-90.000000,top
"R217","10.0K","R_0603_1608Metric",7.391400,71.475600,90.000000,top
"R219","499R","R_0603_1608Metric",41.681400,23.942600,0.000000,top
"R221","374R","R_0603_1608Metric",39.141400,18.989600,90.000000,top
"R222","24.9R","R_0603_1608Metric",37.617400,18.989600,-90.000000,top
"R223","100R 0.5W","R_1206_3216Metric",42.062400,10.261600,-90.000000,top
"R224","1.00M","R_0603_1608Metric",38.506400,14.706600,180.000000,top
"R225","1.00K","R_0603_1608Metric",7.709400,54.965600,180.000000,top
"R227","1.00K","R_0603_1608Metric",18.313400,54.457600,180.000000,top
"R228","200K","R_0603_1608Metric",38.379400,31.343600,-90.000000,top
"R229","100K","R_0603_1608Metric",18.313400,55.981600,0.000000,top
"R230","10.0K","R_0603_1608Metric",51.460400,28.422600,180.000000,top
"R231","100R 0.5W","R_1206_3216Metric",39.776400,10.261600,-90.000000,top
"R301","249R","R_0603_1608Metric",64.604400,23.888200,0.000000,top
"R302","249R","R_0603_1608Metric",84.779400,23.917500,0.000000,top
"R303","249R","R_0603_1608Metric",104.972400,23.917500,0.000000,top
"R304","499R","R_0603_1608Metric",59.543400,19.316200,90.000000,top
"R305","499R","R_0603_1608Metric",79.898125,19.282784,90.000000,top
"R306","499R","R_0603_1608Metric",99.954625,19.409784,90.000000,top
"R307","100R 0.5W","R_1206_3216Metric",61.874400,10.261600,-90.000000,top
"R308","100R 0.5W","R_1206_3216Metric",82.194400,10.261600,-90.000000,top
"R309","100R 0.5W","R_1206_3216Metric",102.502400,10.261600,-90.000000,top
"R310","249R","R_0603_1608Metric",125.292400,23.917500,0.000000,top
"R311","249R","R_0603_1608Metric",145.612400,23.917500,0.000000,top
"R312","249R","R_0603_1608Metric",165.805400,23.917500,0.000000,top
"R313","499R","R_0603_1608Metric",120.421400,19.345500,90.000000,top
"R314","499R","R_0603_1608Metric",140.741400,19.282784,90.000000,top
"R315","499R","R_0603_1608Metric",160.934400,19.472500,90.000000,top
"R316","100R 0.5W","R_1206_3216Metric",122.961400,10.134600,-90.000000,top
"R317","100R 0.5W","R_1206_3216Metric",143.154400,10.134600,-90.000000,top
"R318","100R 0.5W","R_1206_3216Metric",163.589400,10.115600,-90.000000,top
"R319","100R 0.5W","R_1206_3216Metric",59.588400,10.261600,-90.000000,top
"R320","100R 0.5W","R_1206_3216Metric",79.908400,10.261600,-90.000000,top
"R321","100R 0.5W","R_1206_3216Metric",100.101400,10.261600,-90.000000,top
"R322","100R 0.5W","R_1206_3216Metric",140.880400,10.153600,-90.000000,top
"R323","100R 0.5W","R_1206_3216Metric",161.315400,10.134600,-90.000000,top
"R326","100R 0.5W","R_1206_3216Metric",120.687400,10.153600,-90.000000,top
"R401","10.0K","R_0603_1608Metric",7.772400,31.292800,0.000000,top
"R402","1.00K","R_0603_1608Metric",7.581400,25.476200,180.000000,top
"R403","4.99K","R_0603_1608Metric",7.581400,23.139400,180.000000,top
"R404","4.99K","R_0603_1608Metric",7.581400,20.548600,180.000000,top
"R405","1.00K","R_0603_1608Metric",7.581400,18.008600,180.000000,top
"R406","4.99K","R_0603_1608Metric",117.762600,73.319000,0.000000,top
"R407","10.0K","R_0603_1608Metric",107.121600,73.065000,180.000000,top
"R408","10.0K","R_0603_1608Metric",107.121600,71.541000,0.000000,top
"R409","100K","R_0603_1608Metric",103.627953,106.400600,180.000000,top
"R410","43.2K","R_0603_1608Metric",106.701900,87.763100,90.000000,top
"R411","4.99K","R_0603_1608Metric",111.400900,91.129100,180.000000,top
"R412","30.1K","R_0603_1608Metric",115.718900,88.208100,-90.000000,top
"R413","10.0K","R_0603_1608Metric",103.627953,104.876600,180.000000,top
"R414","10.0K","R_0603_1608Metric",114.203953,105.130600,180.000000,top
"R415","100K","R_0603_1608Metric",114.203953,103.606600,180.000000,top
"R416","100R","R_0603_1608Metric",99.782953,97.094600,-90.000000,top
"R417","43.2K","R_0603_1608Metric",106.736900,82.874100,90.000000,top
"R418","4.99K","R_0603_1608Metric",98.258953,97.094600,-90.000000,top
"R419","4.99K","R_0603_1608Metric",111.181900,77.921100,180.000000,top
"R420","30.1K","R_0603_1608Metric",114.356900,77.921100,180.000000,top
"R421","10.0K","R_0603_1608Metric",114.247401,98.399600,180.000000,top
"R422","1.00K","R_0603_1608Metric",114.247401,99.923600,180.000000,top
"R423","4.99K","R_0603_1608Metric",103.706401,97.129600,0.000000,top
"R424","1.00K","R_0603_1608Metric",103.706401,98.653600,180.000000,top
"R425","10.0K","R_0603_1608Metric",117.762600,74.843000,0.000000,top
"R426","4.99K","R_0603_1608Metric",112.492600,75.986000,0.000000,top
"R427","10.0K","R_0603_1608Metric",117.754600,63.881000,0.000000,top
"R428","4.99K","R_0603_1608Metric",117.754600,65.405000,0.000000,top
"R429","4.99K","R_0603_1608Metric",112.420600,62.484000,0.000000,top
"R430","10.0K","R_0603_1608Metric",107.121600,67.945000,180.000000,top
"R431","10.0K","R_0603_1608Metric",107.121600,69.469000,0.000000,top
"R432","10.0K","R_0603_1608Metric",7.569200,26.974800,0.000000,top
"R433","43.2K","R_0603_1608Metric",100.228400,106.908600,180.000000,top
"R434","10.0K","R_0603_1608Metric",97.242953,106.885600,0.000000,top
"R436","30.1K","R_0603_1608Metric",95.210953,101.678600,90.000000,top
"R437","1.00M","R_0603_1608Metric",92.670953,100.281600,0.000000,top
"R438","1.00M","R_0603_1608Metric",94.448953,98.757600,0.000000,top
"RV101","10k","PinHeader_1x03_P2.54mm_Vertical",1.930400,14.122400,90.000000,top
"TP101","TestPoint","TestPoint_THTPad_D2.0mm_Drill1.0mm",130.581400,107.543600,0.000000,top
"TP102","TestPoint","TestPoint_THTPad_D2.0mm_Drill1.0mm",11.836400,76.606400,0.000000,top
"TP103","TestPoint","TestPoint_THTPad_D2.0mm_Drill1.0mm",60.604400,46.075600,0.000000,top
"TP104","TestPoint","TestPoint_THTPad_D2.0mm_Drill1.0mm",62.636400,31.978600,0.000000,top
"TP105","TestPoint","TestPoint_THTPad_D2.0mm_Drill1.0mm",82.321400,31.978600,0.000000,top
"TP106","TestPoint","TestPoint_THTPad_D2.0mm_Drill1.0mm",126.136400,31.978600,0.000000,top
"TP107","TestPoint","TestPoint_THTPad_D2.0mm_Drill1.0mm",171.856400,31.978600,0.000000,top
"TP108","TestPoint","TestPoint_THTPad_D2.0mm_Drill1.0mm",114.808000,60.553600,0.000000,top
"TP109","TestPoint","TestPoint_THTPad_D2.0mm_Drill1.0mm",169.951400,97.383600,0.000000,top
"TP110","TestPoint","TestPoint_THTPad_D2.0mm_Drill1.0mm",12.090400,44.297600,0.000000,top
"TP111","TestPoint","TestPoint_THTPad_D2.0mm_Drill1.0mm",32.156400,9.753600,0.000000,top
"TP112","TestPoint","TestPoint_THTPad_D1.0mm_Drill0.5mm",102.006400,77.571600,0.000000,top
"TP113","TestPoint","TestPoint_THTPad_D1.0mm_Drill0.5mm",95.275400,87.731600,0.000000,top
"TP114","TestPoint","TestPoint_THTPad_D1.0mm_Drill0.5mm",84.988400,86.334600,0.000000,top
"TP115","TestPoint","TestPoint_THTPad_D1.0mm_Drill0.5mm",105.181400,90.906600,0.000000,top
"TP116","TestPoint","TestPoint_THTPad_D1.0mm_Drill0.5mm",98.196400,78.841600,0.000000,top
"TP117","TestPoint","TestPoint_THTPad_D1.0mm_Drill0.5mm",84.861400,68.681600,180.000000,top
"TP118","TestPoint","TestPoint_THTPad_D1.0mm_Drill0.5mm",85.242400,65.760600,-90.000000,top
"TP201","TestPoint","TestPoint_THTPad_D1.0mm_Drill0.5mm",102.387400,73.126600,0.000000,top
"TP202","TestPoint","TestPoint_THTPad_D1.0mm_Drill0.5mm",3.962400,78.587600,0.000000,top
"U101","INA132UA","SO-8_3.9x4.9mm_P1.27mm",90.830400,67.411600,90.000000,top
"U103","LMH6609","SO-8_3.9x4.9mm_P1.27mm",110.804400,33.883600,0.000000,top
"U104","LM317","SOT-223-3_TabPin2",142.399400,76.890600,-90.000000,top
"U105","LM337","SOT-223-3_TabPin2",123.716400,76.992600,90.000000,top
"U106","LM340-5","TO-263-3_TabPin2",157.144400,68.229600,0.000000,top
"U107","MC7905ACD2T","TO-263-2",126.734400,62.641600,180.000000,top
"U108","DG419DY","SO-8_3.9x4.9mm_P1.27mm",93.564400,73.841600,0.000000,top
"U109","NCS20071","TSOT-23-5",8.158900,10.094000,0.000000,top
"U110","NCS20071","TSOT-23-5",133.187400,97.251100,-90.000000,top
"U201","LMH6609","SO-8_3.9x4.9mm_P1.27mm",23.901400,41.037100,-90.000000,top
"U202","SYPD-1","Mini-Circuits_TTT167_LandPatternPL-079",21.869400,21.437600,90.000000,top
"U203","LM393","SO-8_3.9x4.9mm_P1.27mm",11.981800,70.282100,180.000000,top
"U204","AD797AR","SO-8_3.9x4.9mm_P1.27mm",42.697400,19.405600,-90.000000,top
"U205","LM393","SO-8_3.9x4.9mm_P1.27mm",12.962800,55.550100,0.000000,top
"U206","OPA192IDR","SOIC-8_3.9x4.9mm_P1.27mm",42.951400,30.073600,0.000000,top
"U207","DG419DY","SO-8_3.9x4.9mm_P1.27mm",49.555400,23.215600,0.000000,top
"U301","LMH6609","SO-8_3.9x4.9mm_P1.27mm",63.099400,19.443200,-90.000000,top
"U302","LMH6609","SO-8_3.9x4.9mm_P1.27mm",83.342800,19.408500,-90.000000,top
"U303","LMH6609","SO-8_3.9x4.9mm_P1.27mm",103.526300,19.408500,-90.000000,top
"U304","LMH6609","SO-8_3.9x4.9mm_P1.27mm",123.881200,19.408500,-90.000000,top
"U305","LMH6609","SO-8_3.9x4.9mm_P1.27mm",144.182400,19.408500,-90.000000,top
"U306","LMH6609","SO-8_3.9x4.9mm_P1.27mm",164.470400,19.408500,-90.000000,top
"U401","LM393","SO-8_3.9x4.9mm_P1.27mm",98.766953,102.313600,-90.000000,top
"U402","LM393","SO-8_3.9x4.9mm_P1.27mm",108.961953,105.511600,0.000000,top
"U403","LM393","SO-8_3.9x4.9mm_P1.27mm",108.913401,99.542600,0.000000,top
"U404","LM393","SO-8_3.9x4.9mm_P1.27mm",111.238900,87.573100,0.000000,top
"U405","LM393","SO-8_3.9x4.9mm_P1.27mm",112.455600,72.517000,180.000000,top
"U406","LM393","SO-8_3.9x4.9mm_P1.27mm",111.273900,81.477100,0.000000,top
"U407","LM393","SO-8_3.9x4.9mm_P1.27mm",112.455600,66.040000,180.000000,top
"U408","NCS20071","TSOT-23-5",92.665453,104.792600,0.000000,top
